key,num_guesses
1111,5
1112,5
1113,4
1114,5
1115,5
1116,5
1121,5
1122,4
1123,4
1124,4
1125,5
1126,5
1131,4
1132,5
1133,6
1134,4
1135,5
1136,5
1141,4
1142,5
1143,4
1144,5
1145,5
1146,3
1151,4
1152,4
1153,4
1154,5
1155,4
1156,4
1161,4
1162,5
1163,6
1164,5
1165,5
1166,5
1211,5
1212,5
1213,5
1214,4
1215,5
1216,4
1221,4
1222,5
1223,4
1224,4
1225,5
1226,5
1231,5
1232,5
1233,5
1234,3
1235,4
1236,5
1241,5
1242,4
1243,3
1244,3
1245,5
1246,3
1251,4
1252,5
1253,4
1254,5
1255,5
1256,4
1261,6
1262,5
1263,4
1264,2
1265,3
1266,5
1311,6
1312,5
1313,4
1314,3
1315,5
1316,4
1321,4
1322,4
1323,4
1324,4
1325,5
1326,4
1331,4
1332,3
1333,4
1334,4
1335,3
1336,4
1341,5
1342,5
1343,5
1344,5
1345,4
1346,5
1351,5
1352,5
1353,4
1354,4
1355,5
1356,6
1361,5
1362,5
1363,4
1364,3
1365,5
1366,4
1411,4
1412,4
1413,5
1414,4
1415,4
1416,5
1421,5
1422,4
1423,3
1424,4
1425,6
1426,5
1431,5
1432,3
1433,5
1434,3
1435,5
1436,5
1441,4
1442,5
1443,5
1444,5
1445,4
1446,4
1451,5
1452,4
1453,4
1454,4
1455,5
1456,5
1461,4
1462,4
1463,4
1464,3
1465,5
1466,5
1511,5
1512,5
1513,4
1514,3
1515,5
1516,5
1521,3
1522,5
1523,5
1524,5
1525,5
1526,6
1531,5
1532,4
1533,5
1534,5
1535,5
1536,5
1541,5
1542,5
1543,3
1544,4
1545,4
1546,5
1551,3
1552,4
1553,5
1554,5
1555,5
1556,5
1561,5
1562,5
1563,5
1564,4
1565,4
1566,4
1611,4
1612,4
1613,5
1614,4
1615,4
1616,4
1621,5
1622,4
1623,5
1624,3
1625,5
1626,5
1631,5
1632,5
1633,4
1634,4
1635,4
1636,6
1641,4
1642,5
1643,5
1644,5
1645,4
1646,5
1651,5
1652,4
1653,4
1654,5
1655,4
1656,5
1661,5
1662,5
1663,6
1664,4
1665,4
1666,5
2111,5
2112,4
2113,5
2114,5
2115,5
2116,4
2121,4
2122,5
2123,5
2124,4
2125,5
2126,5
2131,5
2132,5
2133,5
2134,4
2135,5
2136,5
2141,4
2142,4
2143,4
2144,5
2145,5
2146,4
2151,5
2152,6
2153,5
2154,4
2155,4
2156,4
2161,5
2162,6
2163,4
2164,3
2165,5
2166,5
2211,5
2212,6
2213,4
2214,4
2215,5
2216,5
2221,4
2222,4
2223,5
2224,5
2225,5
2226,4
2231,5
2232,6
2233,5
2234,3
2235,5
2236,4
2241,5
2242,5
2243,5
2244,3
2245,5
2246,5
2251,4
2252,5
2253,4
2254,5
2255,5
2256,4
2261,4
2262,4
2263,5
2264,3
2265,4
2266,4
2311,4
2312,5
2313,5
2314,1
2315,6
2316,5
2321,4
2322,4
2323,4
2324,3
2325,4
2326,4
2331,5
2332,5
2333,3
2334,5
2335,5
2336,4
2341,2
2342,5
2343,5
2344,6
2345,5
2346,3
2351,5
2352,5
2353,5
2354,4
2355,5
2356,4
2361,4
2362,5
2363,3
2364,4
2365,3
2366,4
2411,4
2412,5
2413,3
2414,5
2415,3
2416,4
2421,4
2422,6
2423,5
2424,4
2425,5
2426,5
2431,4
2432,4
2433,6
2434,4
2435,4
2436,4
2441,5
2442,5
2443,4
2444,4
2445,5
2446,5
2451,3
2452,5
2453,3
2454,5
2455,5
2456,3
2461,5
2462,5
2463,5
2464,4
2465,3
2466,4
2511,3
2512,4
2513,4
2514,6
2515,5
2516,4
2521,6
2522,4
2523,5
2524,6
2525,4
2526,4
2531,5
2532,5
2533,4
2534,5
2535,5
2536,4
2541,4
2542,4
2543,5
2544,5
2545,5
2546,4
2551,5
2552,5
2553,6
2554,4
2555,4
2556,5
2561,5
2562,5
2563,4
2564,5
2565,3
2566,4
2611,5
2612,4
2613,5
2614,3
2615,4
2616,5
2621,5
2622,5
2623,5
2624,4
2625,4
2626,3
2631,5
2632,5
2633,4
2634,4
2635,4
2636,4
2641,4
2642,4
2643,5
2644,4
2645,4
2646,5
2651,4
2652,5
2653,3
2654,4
2655,4
2656,3
2661,5
2662,5
2663,5
2664,5
2665,4
2666,5
3111,3
3112,5
3113,4
3114,4
3115,5
3116,5
3121,5
3122,6
3123,4
3124,3
3125,5
3126,4
3131,5
3132,5
3133,5
3134,5
3135,6
3136,6
3141,3
3142,5
3143,5
3144,5
3145,2
3146,4
3151,5
3152,4
3153,5
3154,4
3155,6
3156,5
3161,5
3162,5
3163,5
3164,3
3165,5
3166,5
3211,4
3212,4
3213,4
3214,3
3215,5
3216,3
3221,5
3222,6
3223,6
3224,4
3225,5
3226,4
3231,5
3232,5
3233,6
3234,4
3235,4
3236,5
3241,4
3242,4
3243,5
3244,4
3245,4
3246,4
3251,5
3252,5
3253,5
3254,5
3255,4
3256,4
3261,4
3262,5
3263,5
3264,4
3265,4
3266,5
3311,5
3312,4
3313,5
3314,5
3315,5
3316,5
3321,4
3322,5
3323,5
3324,4
3325,6
3326,3
3331,4
3332,5
3333,3
3334,4
3335,5
3336,5
3341,5
3342,4
3343,5
3344,5
3345,5
3346,4
3351,4
3352,4
3353,5
3354,6
3355,4
3356,4
3361,3
3362,6
3363,4
3364,4
3365,5
3366,4
3411,5
3412,6
3413,4
3414,5
3415,4
3416,5
3421,2
3422,5
3423,4
3424,5
3425,4
3426,5
3431,5
3432,5
3433,5
3434,4
3435,4
3436,5
3441,5
3442,5
3443,5
3444,5
3445,5
3446,5
3451,4
3452,4
3453,5
3454,4
3455,5
3456,4
3461,4
3462,5
3463,5
3464,5
3465,4
3466,5
3511,4
3512,5
3513,4
3514,3
3515,5
3516,5
3521,4
3522,5
3523,5
3524,5
3525,4
3526,3
3531,5
3532,5
3533,4
3534,4
3535,4
3536,5
3541,3
3542,4
3543,6
3544,4
3545,6
3546,4
3551,5
3552,5
3553,5
3554,5
3555,4
3556,4
3561,5
3562,4
3563,4
3564,5
3565,4
3566,4
3611,5
3612,5
3613,5
3614,4
3615,5
3616,5
3621,5
3622,5
3623,4
3624,4
3625,4
3626,5
3631,5
3632,5
3633,4
3634,4
3635,4
3636,5
3641,4
3642,3
3643,6
3644,5
3645,5
3646,5
3651,5
3652,5
3653,3
3654,4
3655,4
3656,5
3661,5
3662,5
3663,5
3664,4
3665,4
3666,4
4111,5
4112,4
4113,4
4114,5
4115,5
4116,6
4121,5
4122,5
4123,4
4124,5
4125,3
4126,4
4131,5
4132,4
4133,5
4134,4
4135,4
4136,4
4141,5
4142,4
4143,4
4144,4
4145,3
4146,5
4151,5
4152,5
4153,4
4154,5
4155,5
4156,5
4161,5
4162,4
4163,4
4164,4
4165,5
4166,4
4211,4
4212,5
4213,2
4214,5
4215,6
4216,3
4221,4
4222,5
4223,4
4224,5
4225,4
4226,4
4231,4
4232,5
4233,4
4234,4
4235,5
4236,3
4241,4
4242,5
4243,4
4244,5
4245,5
4246,4
4251,5
4252,4
4253,4
4254,3
4255,5
4256,3
4261,5
4262,5
4263,4
4264,4
4265,4
4266,4
4311,4
4312,5
4313,5
4314,6
4315,3
4316,2
4321,5
4322,5
4323,5
4324,4
4325,4
4326,5
4331,5
4332,5
4333,4
4334,5
4335,5
4336,5
4341,5
4342,5
4343,4
4344,4
4345,5
4346,4
4351,5
4352,4
4353,4
4354,4
4355,6
4356,4
4361,4
4362,5
4363,5
4364,5
4365,5
4366,5
4411,5
4412,5
4413,5
4414,5
4415,5
4416,5
4421,5
4422,4
4423,5
4424,6
4425,5
4426,6
4431,4
4432,5
4433,4
4434,5
4435,4
4436,6
4441,3
4442,4
4443,5
4444,5
4445,5
4446,4
4451,5
4452,5
4453,5
4454,4
4455,5
4456,5
4461,5
4462,6
4463,5
4464,5
4465,4
4466,5
4511,5
4512,4
4513,5
4514,5
4515,5
4516,4
4521,4
4522,5
4523,4
4524,4
4525,4
4526,5
4531,4
4532,3
4533,5
4534,3
4535,3
4536,4
4541,4
4542,5
4543,6
4544,4
4545,4
4546,4
4551,5
4552,4
4553,5
4554,4
4555,5
4556,4
4561,5
4562,4
4563,3
4564,4
4565,5
4566,4
4611,5
4612,3
4613,4
4614,4
4615,5
4616,4
4621,5
4622,5
4623,5
4624,5
4625,4
4626,4
4631,5
4632,5
4633,5
4634,5
4635,5
4636,5
4641,4
4642,5
4643,4
4644,5
4645,5
4646,5
4651,5
4652,5
4653,5
4654,3
4655,4
4656,4
4661,4
4662,6
4663,5
4664,5
4665,3
4666,4
5111,4
5112,5
5113,5
5114,4
5115,5
5116,5
5121,4
5122,5
5123,3
5124,4
5125,5
5126,5
5131,5
5132,4
5133,4
5134,5
5135,5
5136,6
5141,5
5142,4
5143,4
5144,4
5145,4
5146,5
5151,4
5152,4
5153,5
5154,5
5155,5
5156,4
5161,4
5162,5
5163,4
5164,5
5165,5
5166,5
5211,5
5212,6
5213,5
5214,4
5215,4
5216,5
5221,5
5222,4
5223,4
5224,4
5225,5
5226,5
5231,5
5232,4
5233,5
5234,5
5235,5
5236,4
5241,4
5242,5
5243,4
5244,3
5245,4
5246,4
5251,5
5252,4
5253,5
5254,5
5255,5
5256,4
5261,5
5262,5
5263,5
5264,2
5265,5
5266,4
5311,6
5312,3
5313,4
5314,4
5315,5
5316,4
5321,5
5322,5
5323,6
5324,4
5325,5
5326,4
5331,5
5332,4
5333,5
5334,5
5335,4
5336,4
5341,6
5342,5
5343,4
5344,5
5345,5
5346,4
5351,4
5352,5
5353,5
5354,5
5355,5
5356,4
5361,5
5362,4
5363,5
5364,3
5365,3
5366,5
5411,6
5412,4
5413,5
5414,3
5415,5
5416,5
5421,5
5422,5
5423,4
5424,4
5425,5
5426,4
5431,3
5432,5
5433,6
5434,5
5435,4
5436,4
5441,5
5442,4
5443,4
5444,5
5445,4
5446,3
5451,4
5452,5
5453,5
5454,4
5455,5
5456,4
5461,6
5462,5
5463,4
5464,5
5465,4
5466,2
5511,4
5512,5
5513,4
5514,4
5515,5
5516,4
5521,4
5522,4
5523,4
5524,4
5525,3
5526,4
5531,5
5532,5
5533,5
5534,4
5535,5
5536,4
5541,5
5542,5
5543,5
5544,4
5545,5
5546,5
5551,4
5552,4
5553,5
5554,4
5555,4
5556,3
5561,5
5562,3
5563,4
5564,3
5565,2
5566,4
5611,4
5612,5
5613,5
5614,3
5615,4
5616,3
5621,5
5622,5
5623,4
5624,3
5625,5
5626,4
5631,5
5632,5
5633,4
5634,5
5635,3
5636,4
5641,5
5642,5
5643,5
5644,4
5645,4
5646,4
5651,4
5652,5
5653,4
5654,4
5655,4
5656,4
5661,5
5662,4
5663,3
5664,4
5665,5
5666,5
6111,5
6112,5
6113,4
6114,4
6115,4
6116,3
6121,5
6122,5
6123,5
6124,4
6125,5
6126,5
6131,5
6132,4
6133,5
6134,5
6135,5
6136,5
6141,5
6142,4
6143,5
6144,6
6145,5
6146,4
6151,5
6152,5
6153,5
6154,4
6155,5
6156,3
6161,5
6162,4
6163,5
6164,4
6165,4
6166,5
6211,5
6212,5
6213,4
6214,4
6215,4
6216,5
6221,4
6222,5
6223,5
6224,4
6225,4
6226,5
6231,5
6232,5
6233,3
6234,4
6235,2
6236,4
6241,4
6242,4
6243,5
6244,4
6245,5
6246,5
6251,4
6252,5
6253,5
6254,4
6255,5
6256,4
6261,5
6262,4
6263,5
6264,4
6265,5
6266,5
6311,5
6312,4
6313,5
6314,2
6315,5
6316,4
6321,5
6322,5
6323,4
6324,4
6325,4
6326,5
6331,4
6332,4
6333,4
6334,5
6335,5
6336,5
6341,4
6342,5
6343,5
6344,4
6345,4
6346,5
6351,5
6352,5
6353,4
6354,5
6355,4
6356,5
6361,4
6362,5
6363,4
6364,6
6365,4
6366,4
6411,6
6412,4
6413,5
6414,5
6415,5
6416,5
6421,5
6422,5
6423,4
6424,5
6425,4
6426,4
6431,4
6432,4
6433,5
6434,5
6435,4
6436,4
6441,4
6442,4
6443,6
6444,4
6445,5
6446,4
6451,5
6452,5
6453,5
6454,4
6455,5
6456,4
6461,4
6462,4
6463,5
6464,4
6465,3
6466,5
6511,5
6512,5
6513,5
6514,2
6515,4
6516,5
6521,5
6522,5
6523,3
6524,4
6525,5
6526,4
6531,4
6532,3
6533,4
6534,3
6535,4
6536,5
6541,5
6542,4
6543,5
6544,3
6545,4
6546,4
6551,4
6552,6
6553,4
6554,2
6555,5
6556,3
6561,4
6562,5
6563,4
6564,4
6565,3
6566,4
6611,4
6612,5
6613,5
6614,4
6615,4
6616,4
6621,5
6622,4
6623,6
6624,5
6625,4
6626,5
6631,4
6632,4
6633,5
6634,5
6635,4
6636,4
6641,5
6642,3
6643,5
6644,3
6645,3
6646,5
6651,4
6652,3
6653,5
6654,5
6655,5
6656,3
6661,5
6662,4
6663,4
6664,5
6665,3
6666,3
